test_loss,test_acc,SPD,EOD,name
0.646910548210144,0.6439362406730652,0.278954404592514,0.21565979719161987,mlp_baseline
